"EduRev: Learning, Mock Test & Exam Preparation App",5
BYJU'S,2
TeamLease EdTech Ltd.,2
The Teaching Company,1
Thrive EdTech,1
Udemy,1
uLesson Education,1
Unacademy,1
upGrad,1
WsCube Tech,1
10 Minute School,1
Alexander Tarigan,1
BacBon Ltd.,1
Bluelogic solution,1
Cambly,1
Cerego Inc.,1
"Chegg, Inc.",1
ClassRoom,1
Complexly LLC,1
Converge Edutech Private Limited,1
Course Hero,1
Crazy Ideas,1
Cuemath,1
DELLHOAK,1
Devo tech,1
Dotlines,1
Doubtnut: Doubt Solving & Video Solutions App,1
Duolingo,1
"Edmodo, Inc",1
EdTech Worx,1
Edukoya,1
Emerging Study,1
Epic! Creations Inc,1
Great Learning,1
"Grupo Santillana Educación Global, S.L.",1
Homer Learning,1
InnovApp21,1
ITWorx Education,1
JobboJ APP - job tools,1
Knowledge Platform,1
Learn Language - Super Chinese,1
learning applications,1
LearnVern,1
Lectera,1
LinkedIn,1
M. Ekram,1
MasterClass Inc.,1
MedTech Cursos livres e ensino online LTDA,1
Memrise,1
MobileEnglish,1
Moftah Publishing,1
MoMagic Bangladesh Limited,1
Network24,1
Noon Academy,1
Orenda Educational Studios,1
Pluralsight,1
PRAADIS TECHNOLOGIES INC,1
Prottoy Edtech,1
Quizlet Inc.,1
Real Time Solution,1
RedTECH,1
ReSkills EdTech,1
Robert and John Limited,1
ROOTs IT,1
Salem Media Group,1
Saylor Academy,1
Shaw Academy - Interactive Online Courses,1
skappstudio,1
"Skillshare, Inc",1
Smaterr,1
Sololearn,1
SparkIT Techno Solutions Pvt Ltd,1
Suman Mondal,1
Susanapp,1
Teachmint Technologies,1
